{"stats":{"minecraft:picked_up":{"minecraft:raw_iron":15,"minecraft:charcoal":4,"minecraft:cocoa_beans":6,"minecraft:stick":3,"minecraft:crafting_table":1,"minecraft:feather":2,"minecraft:cooked_beef":18,"minecraft:andesite":1,"minecraft:jungle_log":1,"minecraft:torch":35,"minecraft:wooden_pickaxe":1,"minecraft:birch_planks":15,"minecraft:porkchop":5,"minecraft:oak_log":11,"minecraft:diorite":2,"minecraft:shield":1,"minecraft:dirt":1,"minecraft:apple":2,"minecraft:stone_pickaxe":2,"minecraft:oak_sapling":16,"minecraft:oak_planks":20,"minecraft:coal":26,"minecraft:cobblestone":66,"minecraft:egg":1},"minecraft:custom":{"minecraft:time_since_rest":6480,"minecraft:interact_with_furnace":6,"minecraft:sprint_one_cm":50151,"minecraft:damage_taken":630,"minecraft:walk_one_cm":60952,"minecraft:mob_kills":8,"minecraft:drop":1,"minecraft:damage_dealt":1019,"minecraft:swim_one_cm":1987,"minecraft:interact_with_crafting_table":10,"minecraft:fly_one_cm":39612,"minecraft:open_chest":3,"minecraft:crouch_one_cm":499,"minecraft:play_time":31115,"minecraft:deaths":1,"minecraft:sneak_time":90,"minecraft:walk_under_water_one_cm":542,"minecraft:jump":310,"minecraft:leave_game":4,"minecraft:walk_on_water_one_cm":580,"minecraft:time_since_death":6418,"minecraft:climb_one_cm":218,"minecraft:total_world_time":31115,"minecraft:fall_one_cm":12132},"minecraft:mined":{"minecraft:iron_ore":16,"minecraft:jungle_leaves":1,"minecraft:andesite":1,"minecraft:crafting_table":1,"minecraft:grass":2,"minecraft:grass_block":1,"minecraft:coal_ore":4,"minecraft:oak_log":11,"minecraft:cocoa":1,"minecraft:stone":37,"minecraft:diorite":1,"minecraft:oak_leaves":1,"minecraft:fern":1},"minecraft:dropped":{"minecraft:stone_pickaxe":1},"minecraft:broken":{"minecraft:wooden_pickaxe":1},"minecraft:killed_by":{"minecraft:player":1},"minecraft:killed":{"minecraft:parrot":1,"minecraft:zombie":4,"minecraft:pig":2,"minecraft:spider":1},"minecraft:used":{"minecraft:apple":2,"minecraft:birch_planks":10,"minecraft:stone_pickaxe":32,"minecraft:wooden_pickaxe":33,"minecraft:stone_axe":11,"minecraft:torch":6,"minecraft:dirt":1,"minecraft:cobblestone":21,"minecraft:crafting_table":1,"minecraft:egg":1,"minecraft:cooked_beef":2},"minecraft:crafted":{"minecraft:oak_planks":44,"minecraft:charcoal":13,"minecraft:crafting_table":1,"minecraft:stick":12,"minecraft:wooden_pickaxe":1,"minecraft:torch":36,"minecraft:stone_axe":1,"minecraft:air":0}},"DataVersion":3465}