{"stats":{"minecraft:picked_up":{"minecraft:stick":3,"minecraft:apple":2,"minecraft:oak_log":11,"minecraft:diorite":1,"minecraft:oak_sapling":7,"minecraft:coal":4,"minecraft:cobblestone":20,"minecraft:egg":1},"minecraft:custom":{"minecraft:open_chest":2,"minecraft:time_since_rest":19115,"minecraft:play_time":19115,"minecraft:crouch_one_cm":192,"minecraft:interact_with_furnace":5,"minecraft:sprint_one_cm":32331,"minecraft:damage_taken":195,"minecraft:walk_one_cm":34476,"minecraft:sneak_time":24,"minecraft:walk_under_water_one_cm":131,"minecraft:mob_kills":1,"minecraft:jump":157,"minecraft:damage_dealt":206,"minecraft:leave_game":4,"minecraft:time_since_death":19115,"minecraft:walk_on_water_one_cm":399,"minecraft:total_world_time":19115,"minecraft:swim_one_cm":1450,"minecraft:interact_with_crafting_table":5,"minecraft:fall_one_cm":5178,"minecraft:fly_one_cm":24681},"minecraft:mined":{"minecraft:grass":1,"minecraft:oak_log":11,"minecraft:coal_ore":4,"minecraft:stone":20,"minecraft:diorite":1},"minecraft:killed":{"minecraft:zombie":1},"minecraft:used":{"minecraft:torch":1,"minecraft:apple":2,"minecraft:birch_planks":5,"minecraft:wooden_pickaxe":25,"minecraft:egg":1},"minecraft:crafted":{"minecraft:oak_planks":44,"minecraft:torch":36,"minecraft:charcoal":13,"minecraft:stick":8,"minecraft:air":0,"minecraft:wooden_pickaxe":1}},"DataVersion":3465}