{"stats":{"minecraft:picked_up":{"minecraft:stick":1,"minecraft:apple":1,"minecraft:oak_log":6,"minecraft:oak_sapling":3},"minecraft:killed":{"minecraft:zombie":1},"minecraft:custom":{"minecraft:time_since_rest":5451,"minecraft:crouch_one_cm":192,"minecraft:sprint_one_cm":10270,"minecraft:interact_with_furnace":3,"minecraft:play_time":5451,"minecraft:damage_taken":135,"minecraft:walk_one_cm":17479,"minecraft:sneak_time":24,"minecraft:mob_kills":1,"minecraft:jump":76,"minecraft:damage_dealt":196,"minecraft:leave_game":1,"minecraft:time_since_death":5451,"minecraft:total_world_time":5451,"minecraft:interact_with_crafting_table":2,"minecraft:fall_one_cm":2624,"minecraft:fly_one_cm":9321},"minecraft:mined":{"minecraft:grass":1,"minecraft:oak_log":6},"minecraft:crafted":{"minecraft:oak_planks":24,"minecraft:charcoal":13,"minecraft:stick":8,"minecraft:air":0}},"DataVersion":3465}