{"stats":{"minecraft:picked_up":{"minecraft:stick":3,"minecraft:apple":1,"minecraft:oak_log":6,"minecraft:diorite":1,"minecraft:oak_sapling":6,"minecraft:coal":4,"minecraft:cobblestone":20},"minecraft:killed":{"minecraft:zombie":1},"minecraft:custom":{"minecraft:time_since_rest":16428,"minecraft:play_time":16428,"minecraft:crouch_one_cm":192,"minecraft:interact_with_furnace":5,"minecraft:sprint_one_cm":22831,"minecraft:damage_taken":165,"minecraft:walk_one_cm":28217,"minecraft:sneak_time":24,"minecraft:walk_under_water_one_cm":131,"minecraft:mob_kills":1,"minecraft:jump":117,"minecraft:damage_dealt":206,"minecraft:leave_game":3,"minecraft:time_since_death":16428,"minecraft:walk_on_water_one_cm":399,"minecraft:total_world_time":16428,"minecraft:swim_one_cm":1450,"minecraft:interact_with_crafting_table":5,"minecraft:fall_one_cm":3924,"minecraft:fly_one_cm":18022},"minecraft:mined":{"minecraft:grass":1,"minecraft:oak_log":6,"minecraft:coal_ore":4,"minecraft:stone":20,"minecraft:diorite":1},"minecraft:crafted":{"minecraft:oak_planks":24,"minecraft:torch":36,"minecraft:charcoal":13,"minecraft:stick":8,"minecraft:air":0,"minecraft:wooden_pickaxe":1},"minecraft:used":{"minecraft:torch":1,"minecraft:apple":1,"minecraft:wooden_pickaxe":25}},"DataVersion":3465}