{"stats":{"minecraft:picked_up":{"minecraft:feather":4,"minecraft:bone":4,"minecraft:arrow":3,"minecraft:chicken":5,"minecraft:stone_axe":1,"minecraft:wooden_pickaxe":1,"minecraft:stone_pickaxe":1,"minecraft:gray_wool":1,"minecraft:oak_log":51,"minecraft:mutton":6,"minecraft:white_wool":3,"minecraft:cobblestone":8,"minecraft:egg":1},"minecraft:killed":{"minecraft:sheep":4},"minecraft:custom":{"minecraft:time_since_rest":8736,"minecraft:damage_taken":60,"minecraft:play_time":8736,"minecraft:sprint_one_cm":20206,"minecraft:walk_one_cm":25105,"minecraft:walk_under_water_one_cm":503,"minecraft:mob_kills":5,"minecraft:drop":11,"minecraft:jump":136,"minecraft:damage_dealt":386,"minecraft:leave_game":1,"minecraft:walk_on_water_one_cm":2419,"minecraft:time_since_death":8736,"minecraft:total_world_time":8736,"minecraft:swim_one_cm":3724,"minecraft:fly_one_cm":31636,"minecraft:fall_one_cm":5366},"minecraft:mined":{"minecraft:grass":2,"minecraft:oak_log":51,"minecraft:tall_grass":1,"minecraft:oak_leaves":2},"minecraft:used":{"minecraft:stone_axe":61},"minecraft:dropped":{"minecraft:chicken":5,"minecraft:cobblestone":8,"minecraft:arrow":2,"minecraft:wooden_pickaxe":1,"minecraft:bone":2}},"DataVersion":3465}