{"stats":{"minecraft:picked_up":{"minecraft:crafting_table":3,"minecraft:feather":12,"minecraft:chicken":6,"minecraft:glow_ink_sac":2,"minecraft:wooden_pickaxe":1,"minecraft:smoker":2,"minecraft:oak_log":55,"minecraft:shield":1,"minecraft:gunpowder":2,"minecraft:string":5,"minecraft:dirt":45,"minecraft:bone":8,"minecraft:iron_ingot":1,"minecraft:stone_pickaxe":2,"minecraft:iron_pickaxe":1,"minecraft:melon_slice":66,"minecraft:chest":3,"minecraft:oak_planks":269,"minecraft:egg":5,"minecraft:furnace":2,"minecraft:raw_iron":19,"minecraft:cooked_porkchop":3,"minecraft:torch":8,"minecraft:porkchop":8,"minecraft:white_bed":2,"minecraft:spider_eye":1,"minecraft:arrow":5,"minecraft:rotten_flesh":1,"minecraft:stone_axe":2,"minecraft:gray_wool":1,"minecraft:mutton":6,"minecraft:cobblestone":40,"minecraft:coal":49,"minecraft:white_wool":3},"minecraft:custom":{"minecraft:interact_with_furnace":5,"minecraft:mob_kills":12,"minecraft:interact_with_crafting_table":8,"minecraft:leave_game":3,"minecraft:time_since_death":1424,"minecraft:climb_one_cm":6059,"minecraft:time_since_rest":1460,"minecraft:sprint_one_cm":56088,"minecraft:damage_taken":690,"minecraft:walk_one_cm":99481,"minecraft:damage_blocked_by_shield":690,"minecraft:drop":11,"minecraft:damage_dealt":1660,"minecraft:swim_one_cm":4801,"minecraft:fly_one_cm":58574,"minecraft:open_chest":6,"minecraft:play_time":33580,"minecraft:deaths":2,"minecraft:sneak_time":26,"minecraft:walk_under_water_one_cm":4190,"minecraft:jump":563,"minecraft:walk_on_water_one_cm":9871,"minecraft:total_world_time":33580,"minecraft:interact_with_smoker":5,"minecraft:fall_one_cm":22332},"minecraft:mined":{"minecraft:white_bed":1,"minecraft:smoker":1,"minecraft:jungle_leaves":1,"minecraft:crafting_table":2,"minecraft:grass_block":2,"minecraft:melon":5,"minecraft:chest":2,"minecraft:tall_grass":1,"minecraft:oak_planks":4,"minecraft:furnace":1,"minecraft:iron_ore":14,"minecraft:grass":4,"minecraft:oak_log":55,"minecraft:coal_ore":26,"minecraft:dirt":1,"minecraft:stone":22,"minecraft:oak_leaves":2},"minecraft:dropped":{"minecraft:chicken":5,"minecraft:cobblestone":8,"minecraft:arrow":2,"minecraft:wooden_pickaxe":1,"minecraft:bone":2},"minecraft:killed_by":{"minecraft:spider":1},"minecraft:killed":{"minecraft:pig":3,"minecraft:spider":2,"minecraft:creeper":1,"minecraft:sheep":4,"minecraft:chicken":1},"minecraft:used":{"minecraft:stone_pickaxe":63,"minecraft:oak_planks":25,"minecraft:chest":2,"minecraft:shield":30,"minecraft:cooked_chicken":1,"minecraft:mutton":6,"minecraft:crafting_table":2,"minecraft:white_bed":1,"minecraft:smoker":1,"minecraft:iron_pickaxe":6,"minecraft:stone_axe":98,"minecraft:furnace":1,"minecraft:porkchop":2,"minecraft:egg":1,"minecraft:gray_wool":1},"minecraft:crafted":{"minecraft:oak_planks":204,"minecraft:cooked_porkchop":3,"minecraft:crafting_table":1,"minecraft:cooked_chicken":1,"minecraft:furnace":2,"minecraft:air":0,"minecraft:shield":1,"minecraft:stick":4,"minecraft:iron_ingot":5,"minecraft:iron_pickaxe":1,"minecraft:chest":1,"minecraft:white_bed":1,"minecraft:torch":8,"minecraft:smoker":1}},"DataVersion":3465}