{"stats":{"minecraft:picked_up":{"minecraft:crafting_table":1,"minecraft:raw_iron":5,"minecraft:feather":4,"minecraft:chicken":5,"minecraft:glow_ink_sac":1,"minecraft:wooden_pickaxe":1,"minecraft:porkchop":5,"minecraft:oak_log":51,"minecraft:dirt":13,"minecraft:string":2,"minecraft:arrow":3,"minecraft:bone":4,"minecraft:stone_axe":1,"minecraft:stone_pickaxe":1,"minecraft:gray_wool":1,"minecraft:chest":1,"minecraft:mutton":6,"minecraft:oak_planks":7,"minecraft:white_wool":3,"minecraft:cobblestone":18,"minecraft:egg":2},"minecraft:custom":{"minecraft:time_since_rest":2370,"minecraft:interact_with_furnace":2,"minecraft:sprint_one_cm":30395,"minecraft:damage_taken":350,"minecraft:walk_one_cm":59366,"minecraft:mob_kills":9,"minecraft:drop":11,"minecraft:damage_dealt":1080,"minecraft:swim_one_cm":4161,"minecraft:interact_with_crafting_table":3,"minecraft:fly_one_cm":37489,"minecraft:open_chest":6,"minecraft:play_time":21580,"minecraft:deaths":1,"minecraft:sneak_time":26,"minecraft:walk_under_water_one_cm":2054,"minecraft:jump":308,"minecraft:leave_game":3,"minecraft:time_since_death":2339,"minecraft:walk_on_water_one_cm":6060,"minecraft:climb_one_cm":2011,"minecraft:total_world_time":21580,"minecraft:fall_one_cm":13246},"minecraft:mined":{"minecraft:iron_ore":6,"minecraft:jungle_leaves":1,"minecraft:crafting_table":1,"minecraft:grass":2,"minecraft:oak_log":51,"minecraft:chest":1,"minecraft:tall_grass":1,"minecraft:stone":10,"minecraft:oak_planks":4,"minecraft:oak_leaves":2},"minecraft:dropped":{"minecraft:chicken":5,"minecraft:cobblestone":8,"minecraft:arrow":2,"minecraft:wooden_pickaxe":1,"minecraft:bone":2},"minecraft:killed":{"minecraft:sheep":4,"minecraft:pig":3,"minecraft:spider":1},"minecraft:used":{"minecraft:stone_pickaxe":16,"minecraft:oak_planks":25,"minecraft:chest":2,"minecraft:stone_axe":79,"minecraft:mutton":6,"minecraft:crafting_table":2,"minecraft:furnace":1,"minecraft:porkchop":2,"minecraft:white_bed":1,"minecraft:gray_wool":1},"minecraft:crafted":{"minecraft:oak_planks":204,"minecraft:crafting_table":1,"minecraft:chest":1,"minecraft:furnace":1,"minecraft:white_bed":1}},"DataVersion":3465}