{"stats":{"minecraft:picked_up":{"minecraft:crafting_table":4,"minecraft:feather":11,"minecraft:cooked_beef":9,"minecraft:chicken":18,"minecraft:jungle_log":53,"minecraft:leather":14,"minecraft:wooden_pickaxe":4,"minecraft:flint":1,"minecraft:oak_log":4,"minecraft:lapis_lazuli":17,"minecraft:bone":2,"minecraft:wheat_seeds":1,"minecraft:raw_gold":6,"minecraft:stone_pickaxe":3,"minecraft:beef":9,"minecraft:cooked_chicken":3,"minecraft:iron_pickaxe":1,"minecraft:melon_slice":20,"minecraft:sugar_cane":9,"minecraft:chest":1,"minecraft:oak_planks":25,"minecraft:furnace":2,"minecraft:egg":6,"minecraft:raw_iron":25,"minecraft:dripstone_block":1,"minecraft:porkchop":1,"minecraft:diorite":2,"minecraft:arrow":1,"minecraft:rotten_flesh":8,"minecraft:stone_axe":1,"minecraft:granite":2,"minecraft:oak_sapling":3,"minecraft:mutton":14,"minecraft:coal":25,"minecraft:white_wool":4,"minecraft:cobblestone":105},"minecraft:custom":{"minecraft:interact_with_furnace":30,"minecraft:mob_kills":22,"minecraft:interact_with_crafting_table":37,"minecraft:leave_game":1,"minecraft:time_since_death":29097,"minecraft:sleep_in_bed":1,"minecraft:climb_one_cm":2360,"minecraft:time_since_rest":29145,"minecraft:sprint_one_cm":58437,"minecraft:damage_taken":1195,"minecraft:walk_one_cm":88689,"minecraft:drop":13,"minecraft:damage_dealt":1924,"minecraft:swim_one_cm":8378,"minecraft:player_kills":1,"minecraft:fly_one_cm":63907,"minecraft:open_chest":2,"minecraft:crouch_one_cm":27,"minecraft:play_time":38824,"minecraft:deaths":3,"minecraft:sneak_time":160,"minecraft:walk_under_water_one_cm":5007,"minecraft:jump":546,"minecraft:walk_on_water_one_cm":6674,"minecraft:total_world_time":38824,"minecraft:fall_one_cm":15919},"minecraft:mined":{"minecraft:jungle_leaves":2,"minecraft:crafting_table":4,"minecraft:granite":2,"minecraft:melon":2,"minecraft:chest":1,"minecraft:jungle_log":55,"minecraft:tall_grass":3,"minecraft:cobblestone":1,"minecraft:lapis_ore":2,"minecraft:sugar_cane":1,"minecraft:diorite":2,"minecraft:furnace":2,"minecraft:iron_ore":25,"minecraft:birch_leaves":2,"minecraft:grass":13,"minecraft:oak_log":4,"minecraft:coal_ore":20,"minecraft:vine":8,"minecraft:gravel":1,"minecraft:dripstone_block":1,"minecraft:stone":71,"minecraft:gold_ore":6,"minecraft:oak_leaves":4},"minecraft:dropped":{"minecraft:cooked_beef":9,"minecraft:cobblestone":8,"minecraft:shield":1,"minecraft:stone_pickaxe":2,"minecraft:wooden_pickaxe":1},"minecraft:broken":{"minecraft:stone_axe":1},"minecraft:killed_by":{"minecraft:skeleton":3},"minecraft:killed":{"minecraft:pig":1,"minecraft:sheep":3,"minecraft:skeleton":1,"minecraft:zombie":2,"minecraft:chicken":10,"minecraft:cow":5},"minecraft:used":{"minecraft:cooked_mutton":1,"minecraft:diorite":2,"minecraft:flint_and_steel":3,"minecraft:stone_pickaxe":56,"minecraft:chest":1,"minecraft:wooden_pickaxe":7,"minecraft:cooked_chicken":6,"minecraft:crafting_table":7,"minecraft:white_bed":1,"minecraft:dripstone_block":1,"minecraft:granite":2,"minecraft:iron_axe":3,"minecraft:iron_pickaxe":71,"minecraft:stone_axe":116,"minecraft:cobblestone":42,"minecraft:furnace":2},"minecraft:crafted":{"minecraft:cooked_beef":9,"minecraft:oak_planks":16,"minecraft:crafting_table":3,"minecraft:wooden_pickaxe":2,"minecraft:cooked_chicken":6,"minecraft:furnace":1,"minecraft:bucket":1,"minecraft:stone_axe":1,"minecraft:cooked_mutton":5,"minecraft:air":0,"minecraft:flint_and_steel":1,"minecraft:jungle_planks":12,"minecraft:iron_chestplate":1,"minecraft:charcoal":1,"minecraft:shield":2,"minecraft:iron_axe":1,"minecraft:stick":20,"minecraft:iron_ingot":20,"minecraft:iron_pickaxe":1,"minecraft:stone_pickaxe":3,"minecraft:chest":1,"minecraft:white_bed":1}},"DataVersion":3465}