{"stats":{"minecraft:picked_up":{"minecraft:raw_iron":13,"minecraft:feather":11,"minecraft:chicken":17,"minecraft:leather":7,"minecraft:wooden_pickaxe":3,"minecraft:porkchop":1,"minecraft:oak_log":4,"minecraft:arrow":1,"minecraft:bone":2,"minecraft:rotten_flesh":6,"minecraft:stone_axe":1,"minecraft:wheat_seeds":1,"minecraft:beef":9,"minecraft:stone_pickaxe":2,"minecraft:melon_slice":10,"minecraft:oak_sapling":3,"minecraft:oak_planks":21,"minecraft:sugar_cane":9,"minecraft:mutton":9,"minecraft:coal":18,"minecraft:white_wool":4,"minecraft:cobblestone":48,"minecraft:egg":6},"minecraft:killed":{"minecraft:sheep":3,"minecraft:skeleton":1,"minecraft:zombie":2,"minecraft:pig":1,"minecraft:chicken":10,"minecraft:cow":5},"minecraft:killed_by":{"minecraft:skeleton":3},"minecraft:custom":{"minecraft:time_since_rest":11960,"minecraft:interact_with_furnace":14,"minecraft:sprint_one_cm":42538,"minecraft:damage_taken":950,"minecraft:walk_one_cm":58376,"minecraft:mob_kills":22,"minecraft:drop":10,"minecraft:damage_dealt":1914,"minecraft:interact_with_crafting_table":18,"minecraft:swim_one_cm":4942,"minecraft:fly_one_cm":46789,"minecraft:open_chest":2,"minecraft:crouch_one_cm":27,"minecraft:play_time":21639,"minecraft:deaths":3,"minecraft:sneak_time":160,"minecraft:walk_under_water_one_cm":2265,"minecraft:jump":315,"minecraft:leave_game":1,"minecraft:walk_on_water_one_cm":4786,"minecraft:time_since_death":11912,"minecraft:sleep_in_bed":1,"minecraft:climb_one_cm":1887,"minecraft:total_world_time":21639,"minecraft:fall_one_cm":10393},"minecraft:mined":{"minecraft:iron_ore":13,"minecraft:birch_leaves":2,"minecraft:grass":13,"minecraft:melon":2,"minecraft:oak_log":4,"minecraft:coal_ore":19,"minecraft:cobblestone":1,"minecraft:tall_grass":3,"minecraft:stone":32,"minecraft:sugar_cane":1,"minecraft:oak_leaves":4},"minecraft:used":{"minecraft:stone_pickaxe":46,"minecraft:iron_pickaxe":14,"minecraft:chest":1,"minecraft:wooden_pickaxe":7,"minecraft:cooked_chicken":3,"minecraft:stone_axe":49,"minecraft:cobblestone":1,"minecraft:crafting_table":3,"minecraft:furnace":1,"minecraft:white_bed":1},"minecraft:crafted":{"minecraft:cooked_beef":9,"minecraft:oak_planks":16,"minecraft:charcoal":1,"minecraft:crafting_table":3,"minecraft:stick":16,"minecraft:iron_ingot":3,"minecraft:wooden_pickaxe":2,"minecraft:iron_pickaxe":1,"minecraft:cooked_chicken":6,"minecraft:stone_pickaxe":3,"minecraft:chest":1,"minecraft:furnace":1,"minecraft:white_bed":1,"minecraft:stone_axe":1,"minecraft:air":0},"minecraft:dropped":{"minecraft:cobblestone":8,"minecraft:stone_pickaxe":1,"minecraft:wooden_pickaxe":1}},"DataVersion":3465}