{"stats":{"minecraft:picked_up":{"minecraft:crafting_table":2,"minecraft:feather":11,"minecraft:cooked_beef":9,"minecraft:chicken":18,"minecraft:leather":14,"minecraft:wooden_pickaxe":4,"minecraft:oak_log":4,"minecraft:bone":2,"minecraft:wheat_seeds":1,"minecraft:stone_pickaxe":3,"minecraft:beef":9,"minecraft:cooked_chicken":3,"minecraft:iron_pickaxe":1,"minecraft:melon_slice":20,"minecraft:sugar_cane":9,"minecraft:chest":1,"minecraft:oak_planks":25,"minecraft:furnace":1,"minecraft:egg":6,"minecraft:raw_iron":20,"minecraft:dripstone_block":1,"minecraft:porkchop":1,"minecraft:diorite":2,"minecraft:arrow":1,"minecraft:rotten_flesh":8,"minecraft:stone_axe":1,"minecraft:oak_sapling":3,"minecraft:mutton":14,"minecraft:coal":23,"minecraft:white_wool":4,"minecraft:cobblestone":77},"minecraft:custom":{"minecraft:interact_with_furnace":16,"minecraft:mob_kills":22,"minecraft:interact_with_crafting_table":21,"minecraft:leave_game":1,"minecraft:time_since_death":17097,"minecraft:sleep_in_bed":1,"minecraft:climb_one_cm":1887,"minecraft:time_since_rest":17145,"minecraft:sprint_one_cm":52930,"minecraft:damage_taken":1035,"minecraft:walk_one_cm":66831,"minecraft:drop":10,"minecraft:damage_dealt":1914,"minecraft:swim_one_cm":5956,"minecraft:fly_one_cm":58826,"minecraft:open_chest":2,"minecraft:crouch_one_cm":27,"minecraft:play_time":26824,"minecraft:deaths":3,"minecraft:sneak_time":160,"minecraft:walk_under_water_one_cm":4536,"minecraft:jump":400,"minecraft:walk_on_water_one_cm":6260,"minecraft:total_world_time":26824,"minecraft:fall_one_cm":13353},"minecraft:mined":{"minecraft:crafting_table":2,"minecraft:melon":2,"minecraft:chest":1,"minecraft:tall_grass":3,"minecraft:cobblestone":1,"minecraft:sugar_cane":1,"minecraft:diorite":2,"minecraft:furnace":1,"minecraft:iron_ore":20,"minecraft:birch_leaves":2,"minecraft:grass":13,"minecraft:oak_log":4,"minecraft:coal_ore":20,"minecraft:dripstone_block":1,"minecraft:stone":42,"minecraft:oak_leaves":4},"minecraft:dropped":{"minecraft:cobblestone":8,"minecraft:stone_pickaxe":1,"minecraft:wooden_pickaxe":1},"minecraft:killed_by":{"minecraft:skeleton":3},"minecraft:killed":{"minecraft:pig":1,"minecraft:sheep":3,"minecraft:skeleton":1,"minecraft:zombie":2,"minecraft:chicken":10,"minecraft:cow":5},"minecraft:used":{"minecraft:stone_pickaxe":56,"minecraft:chest":1,"minecraft:wooden_pickaxe":7,"minecraft:cooked_chicken":4,"minecraft:crafting_table":4,"minecraft:white_bed":1,"minecraft:dripstone_block":1,"minecraft:iron_pickaxe":26,"minecraft:stone_axe":52,"minecraft:cobblestone":1,"minecraft:furnace":1},"minecraft:crafted":{"minecraft:cooked_beef":9,"minecraft:oak_planks":16,"minecraft:crafting_table":3,"minecraft:wooden_pickaxe":2,"minecraft:cooked_chicken":6,"minecraft:furnace":1,"minecraft:stone_axe":1,"minecraft:air":0,"minecraft:iron_chestplate":1,"minecraft:charcoal":1,"minecraft:stick":16,"minecraft:iron_ingot":13,"minecraft:iron_pickaxe":1,"minecraft:stone_pickaxe":3,"minecraft:chest":1,"minecraft:white_bed":1}},"DataVersion":3465}