{"stats":{"minecraft:picked_up":{"minecraft:oak_log":4,"minecraft:oak_sapling":3,"minecraft:cobblestone":7},"minecraft:killed_by":{"minecraft:skeleton":1},"minecraft:custom":{"minecraft:time_since_rest":1335,"minecraft:open_chest":1,"minecraft:deaths":1,"minecraft:play_time":5318,"minecraft:interact_with_furnace":4,"minecraft:sprint_one_cm":2466,"minecraft:damage_taken":230,"minecraft:walk_one_cm":14858,"minecraft:walk_under_water_one_cm":1104,"minecraft:jump":46,"minecraft:time_since_death":1296,"minecraft:walk_on_water_one_cm":487,"minecraft:total_world_time":5318,"minecraft:interact_with_crafting_table":6,"minecraft:fall_one_cm":2813,"minecraft:fly_one_cm":3662},"minecraft:mined":{"minecraft:oak_log":4,"minecraft:stone":7,"minecraft:birch_leaves":2,"minecraft:oak_leaves":4},"minecraft:used":{"minecraft:crafting_table":1,"minecraft:wooden_pickaxe":7},"minecraft:crafted":{"minecraft:oak_planks":16,"minecraft:charcoal":1,"minecraft:crafting_table":1,"minecraft:stick":8,"minecraft:wooden_pickaxe":2,"minecraft:air":0,"minecraft:stone_pickaxe":1}},"DataVersion":3465}