{"stats":{"minecraft:custom":{"minecraft:time_since_rest":21641,"minecraft:interact_with_furnace":9,"minecraft:sprint_one_cm":48820,"minecraft:damage_taken":100,"minecraft:walk_one_cm":44792,"minecraft:mob_kills":2,"minecraft:drop":1,"minecraft:damage_dealt":210,"minecraft:interact_with_crafting_table":7,"minecraft:fly_one_cm":36946,"minecraft:open_chest":1,"minecraft:crouch_one_cm":555,"minecraft:play_time":21641,"minecraft:sneak_time":79,"minecraft:jump":239,"minecraft:leave_game":2,"minecraft:walk_on_water_one_cm":38,"minecraft:time_since_death":21641,"minecraft:total_world_time":21641,"minecraft:fall_one_cm":6131},"minecraft:used":{"minecraft:stone_pickaxe":1,"minecraft:wooden_pickaxe":54,"minecraft:stone_axe":33,"minecraft:crafting_table":3,"minecraft:furnace":2,"minecraft:cooked_porkchop":2,"minecraft:golden_shovel":1,"minecraft:golden_pickaxe":1},"minecraft:mined":{"minecraft:furnace":1,"minecraft:crafting_table":2,"minecraft:grass":1,"minecraft:grass_block":2,"minecraft:oak_log":39,"minecraft:dirt":4,"minecraft:stone":52,"minecraft:diorite":2,"minecraft:oak_leaves":5},"minecraft:picked_up":{"minecraft:stick":6,"minecraft:crafting_table":2,"minecraft:porkchop":5,"minecraft:oak_log":39,"minecraft:diorite":2,"minecraft:dirt":6,"minecraft:stone_pickaxe":1,"minecraft:oak_sapling":3,"minecraft:cobblestone":51,"minecraft:furnace":1},"minecraft:crafted":{"minecraft:oak_planks":44,"minecraft:charcoal":7,"minecraft:cooked_porkchop":5,"minecraft:crafting_table":1,"minecraft:stick":4,"minecraft:wooden_pickaxe":1,"minecraft:stone_pickaxe":1,"minecraft:furnace":1,"minecraft:torch":16,"minecraft:stone_axe":1,"minecraft:air":0},"minecraft:killed":{"minecraft:pig":2},"minecraft:dropped":{"minecraft:stone_pickaxe":1}},"DataVersion":3465}