{"stats":{"minecraft:custom":{"minecraft:jump":97,"minecraft:time_since_rest":6343,"minecraft:damage_dealt":190,"minecraft:damage_taken":50,"minecraft:crouch_one_cm":424,"minecraft:leave_game":1,"minecraft:play_time":6343,"minecraft:sprint_one_cm":12930,"minecraft:time_since_death":6343,"minecraft:walk_one_cm":12686,"minecraft:sneak_time":52,"minecraft:total_world_time":6343,"minecraft:mob_kills":1,"minecraft:fall_one_cm":3103,"minecraft:fly_one_cm":18094},"minecraft:mined":{"minecraft:oak_log":11,"minecraft:oak_leaves":1},"minecraft:picked_up":{"minecraft:porkchop":3,"minecraft:oak_log":11,"minecraft:stick":1},"minecraft:killed":{"minecraft:pig":1}},"DataVersion":3465}